,metric,avg
0,%_gt_in_pred,0.7877737817737818
1,%_pred_in_gt,0.822988455988456
2,iou,0.7178565323565325
